<?xml version="1.0" encoding="UTF-8"?>

<!DOCTYPE generatorConfiguration
        PUBLIC "-//mybatis.org//DTD MyBatis Generator Configuration 1.0//EN"
        "http://mybatis.org/dtd/mybatis-generator-config_1_0.dtd">

<generatorConfiguration>
	<!--导入属性配置 -->
	<properties resource="application.properties"></properties>
	<!-- 指定数据库驱动的jdbc驱动jar包的位置 -->
	<classPathEntry location="${spring.datasource.driver-class-name}" />
	<!-- context 是逆向工程的主要配置信息 -->
	<!-- id：起个名字 -->
	<!-- targetRuntime：设置生成的文件适用于那个 mybatis 版本 -->
	<context id="default" targetRuntime="MyBatis3">
		<!--jdbc的数据库连接 -->
		<jdbcConnection driverClass="${spring.datasource.driverName}"
			connectionURL="${spring.datasource.url}" userId="${spring.datasource.username}"
			password="${spring.datasource.password}">
		</jdbcConnection>
		<!-- targetPackage：生成的实体类所在的包 -->
		<!-- targetProject：生成的实体类所在的硬盘位置 -->
		<javaModelGenerator targetPackage="com.codingxiejun.model"
			targetProject=".\src\main\java">
			<!-- 是否允许子包 -->
			<property name="enableSubPackages" value="false" />
			<!-- 是否对modal添加构造函数 -->
			<property name="constructorBased" value="true" />
			<!-- 是否清理从数据库中查询出的字符串左右两边的空白字符 -->
			<property name="trimStrings" value="true" />
			<!-- 建立modal对象是否不可改变 即生成的modal对象不会有setter方法，只有构造方法 -->
			<property name="immutable" value="false" />
		</javaModelGenerator>

		<!-- targetPackage 和 targetProject：生成的 mapper 文件的包和位置 -->
		<sqlMapGenerator targetPackage="mappers"
			targetProject=".\src\main\resources">
			<!-- 针对数据库的一个配置，是否把 schema 作为字包名 -->
			<property name="enableSubPackages" value="false" />
		</sqlMapGenerator>

		<!-- targetPackage 和 targetProject：生成的 interface 文件的包和位置 -->
		<javaClientGenerator type="XMLMAPPER"
			targetPackage="com.codingxiejun.dao" targetProject=".\src\main\java">
			<!-- 针对 oracle 数据库的一个配置，是否把 schema 作为字包名 -->
			<property name="enableSubPackages" value="false" />
		</javaClientGenerator>
		<!-- 生成的 实体类 的数据库表名和生成的类名 -->
		<table tableName="user" domainObjectName="User"
			enableCountByExample="false" enableUpdateByExample="false"
			enableDeleteByExample="false" enableSelectByExample="false"
			selectByExampleQueryId="false">
		</table>
	</context>
</generatorConfiguration>
